row_index,query_id,query_group,strategy,query_text,model_name,parsed_query,kg_status,candidate_scene_count,strict_zero_candidate,used_full_collection,relevant_scene_tokens,ranked_scene_tokens,top_hits,returned_scene_count,returned_hit_count,precision@5,recall@5,average_precision,constraint_consistency@5,response_time_seconds
0,M001,three_plus,pure_clip,白天，交叉路口处有行人、工程车及卡车通行。,Chinese-CLIP,"{""weather"": null, ""time"": ""day"", ""objects"": [""pedestrian"", ""construction_vehicle"", ""truck""], ""location"": ""intersection"", ""language"": ""zh"", ""model_key"": ""chnclip"", ""raw_text"": ""\u767d\u5929\uff0c\u4ea4\u53c9\u8def\u53e3\u5904\u6709\u884c\u4eba\u3001\u5de5\u7a0b\u8f66\u53ca\u5361\u8f66\u901a\u884c\u3002"", ""highlight_matches"": [{""start"": 0, ""end"": 2, ""text"": ""\u767d\u5929"", ""category"": ""time"", ""label"": ""day"", ""keyword"": ""\u767d\u5929""}, {""start"": 5, ""end"": 7, ""text"": ""\u8def\u53e3"", ""category"": ""location"", ""label"": ""intersection"", ""keyword"": ""\u8def\u53e3""}, {""start"": 9, ""end"": 11, ""text"": ""\u884c\u4eba"", ""category"": ""object"", ""label"": ""pedestrian"", ""keyword"": ""\u884c\u4eba""}, {""start"": 12, ""end"": 15, ""text"": ""\u5de5\u7a0b\u8f66"", ""category"": ""object"", ""label"": ""construction_vehicle"", ""keyword"": ""\u5de5\u7a0b\u8f66""}, {""start"": 16, ""end"": 18, ""text"": ""\u5361\u8f66"", ""category"": ""object"", ""label"": ""truck"", ""keyword"": ""\u5361\u8f66""}]}",Pure CLIP baseline without KG filtering.,,False,True,"[""3363f396bb43405fbdd17d65dc123d4e""]","[""6f83169d067343658251f72e1dd17dbc"", ""ed242d80ccb34b139aaf9ab89859332e"", ""54f56f80350b4c07af598ee87cf3886a"", ""a59b6db922ff490da5ccfc9980700935"", ""f2541977a00a448db9b46a32187d9059"", ""0e7ede02718341558414865d5c604745"", ""cddd0d5be10b4313a859524952455f43"", ""b829278aae2747959f2a95423455bbcb"", ""e02aee6f1fec4d13ad77044466da5fb4"", ""5890face846e47a899246159b7c30bd7"", ""8e3364691ee94c698458e0913a29af78"", ""9c5dc664216e43a99d5da3f23d373e4d"", ""c7604a179ea94e45857ec2c16416e5ad"", ""3363f396bb43405fbdd17d65dc123d4e""]","[{""id"": 4962, ""scene_token"": ""6f83169d067343658251f72e1dd17dbc"", ""score"": 0.40006503462791443, ""weather"": ""clear"", ""timeofday"": ""day"", ""location"": ""boston-seaport:intersection"", ""obj_types"": ""barrier,bicycle,bus,car,movable_object_pushable_pullable,pedestrian,trailer,truck""}, {""id"": 6939, ""scene_token"": ""ed242d80ccb34b139aaf9ab89859332e"", ""score"": 0.3974161744117737, ""weather"": ""clear"", ""timeofday"": ""day"", ""location"": ""boston-seaport:intersection"", ""obj_types"": ""bus,car,construction_vehicle,motorcycle,pedestrian,trailer,truck""}, {""id"": 7953, ""scene_token"": ""54f56f80350b4c07af598ee87cf3886a"", ""score"": 0.3964759111404419, ""weather"": ""clear"", ""timeofday"": ""day"", ""location"": ""boston-seaport:urban"", ""obj_types"": ""barrier,car,construction_vehicle,movable_object_pushable_pullable,pedestrian,traffic_cone,trailer,truck""}, {""id"": 13895, ""scene_token"": ""a59b6db922ff490da5ccfc9980700935"", ""score"": 0.3950514793395996, ""weather"": ""rainy"", ""timeofday"": ""day"", ""location"": ""boston-seaport:intersection"", ""obj_types"": ""barrier,car,movable_object_pushable_pullable,pedestrian,traffic_cone,trailer,truck""}, {""id"": 4972, ""scene_token"": ""6f83169d067343658251f72e1dd17dbc"", ""score"": 0.39496099948883057, ""weather"": ""clear"", ""timeofday"": ""day"", ""location"": ""boston-seaport:intersection"", ""obj_types"": ""barrier,bus,car,movable_object_pushable_pullable,pedestrian,trailer,truck""}]",14,5,0.0,0.0,0.07142857142857142,0.2,0.5666808000005403
1,M002,three_plus,pure_clip,白天，路口有行人、摩托车及卡车通行。,Chinese-CLIP,"{""weather"": null, ""time"": ""day"", ""objects"": [""pedestrian"", ""motorcycle"", ""truck""], ""location"": ""intersection"", ""language"": ""zh"", ""model_key"": ""chnclip"", ""raw_text"": ""\u767d\u5929\uff0c\u8def\u53e3\u6709\u884c\u4eba\u3001\u6469\u6258\u8f66\u53ca\u5361\u8f66\u901a\u884c\u3002"", ""highlight_matches"": [{""start"": 0, ""end"": 2, ""text"": ""\u767d\u5929"", ""category"": ""time"", ""label"": ""day"", ""keyword"": ""\u767d\u5929""}, {""start"": 3, ""end"": 5, ""text"": ""\u8def\u53e3"", ""category"": ""location"", ""label"": ""intersection"", ""keyword"": ""\u8def\u53e3""}, {""start"": 6, ""end"": 8, ""text"": ""\u884c\u4eba"", ""category"": ""object"", ""label"": ""pedestrian"", ""keyword"": ""\u884c\u4eba""}, {""start"": 9, ""end"": 12, ""text"": ""\u6469\u6258\u8f66"", ""category"": ""object"", ""label"": ""motorcycle"", ""keyword"": ""\u6469\u6258\u8f66""}, {""start"": 13, ""end"": 15, ""text"": ""\u5361\u8f66"", ""category"": ""object"", ""label"": ""truck"", ""keyword"": ""\u5361\u8f66""}]}",Pure CLIP baseline without KG filtering.,,False,True,"[""08110c8640454affb5167801442a85fd""]","[""6f83169d067343658251f72e1dd17dbc"", ""f2541977a00a448db9b46a32187d9059"", ""0e7ede02718341558414865d5c604745"", ""3363f396bb43405fbdd17d65dc123d4e"", ""54f56f80350b4c07af598ee87cf3886a"", ""9c5dc664216e43a99d5da3f23d373e4d"", ""e02aee6f1fec4d13ad77044466da5fb4"", ""cddd0d5be10b4313a859524952455f43"", ""f5b29a1e09d04355adcd60ab72de006b"", ""c7604a179ea94e45857ec2c16416e5ad"", ""c4ab236557c8423caa8add5fb48a0898"", ""ed242d80ccb34b139aaf9ab89859332e"", ""9056ac9944e846109b00e31cc96259cb"", ""b829278aae2747959f2a95423455bbcb"", ""952cb0bcd89b4ca4b904cdcbbf595523"", ""8e3364691ee94c698458e0913a29af78"", ""0ac05652a4c44374998be876ba5cd6fd"", ""08110c8640454affb5167801442a85fd"", ""66461d94f2e44d39a90843ff2dce11e8"", ""d8a5dd6087de4e808c61c27f91e8216e""]","[{""id"": 5158, ""scene_token"": ""6f83169d067343658251f72e1dd17dbc"", ""score"": 0.3770521581172943, ""weather"": ""clear"", ""timeofday"": ""day"", ""location"": ""boston-seaport:intersection"", ""obj_types"": ""barrier,bicycle,bus,car,movable_object_pushable_pullable,pedestrian,trailer,truck""}, {""id"": 4962, ""scene_token"": ""6f83169d067343658251f72e1dd17dbc"", ""score"": 0.37197116017341614, ""weather"": ""clear"", ""timeofday"": ""day"", ""location"": ""boston-seaport:intersection"", ""obj_types"": ""barrier,bicycle,bus,car,movable_object_pushable_pullable,pedestrian,trailer,truck""}, {""id"": 4953, ""scene_token"": ""6f83169d067343658251f72e1dd17dbc"", ""score"": 0.37177252769470215, ""weather"": ""clear"", ""timeofday"": ""day"", ""location"": ""boston-seaport:intersection"", ""obj_types"": ""barrier,bus,car,movable_object_pushable_pullable,pedestrian,trailer,truck""}, {""id"": 5389, ""scene_token"": ""f2541977a00a448db9b46a32187d9059"", ""score"": 0.37094846367836, ""weather"": ""clear"", ""timeofday"": ""day"", ""location"": ""boston-seaport:intersection"", ""obj_types"": ""barrier,bicycle,car,movable_object_pushable_pullable,pedestrian,traffic_cone,trailer,truck""}, {""id"": 4974, ""scene_token"": ""6f83169d067343658251f72e1dd17dbc"", ""score"": 0.3708060383796692, ""weather"": ""clear"", ""timeofday"": ""day"", ""location"": ""boston-seaport:intersection"", ""obj_types"": ""barrier,bus,car,movable_object_pushable_pullable,pedestrian,trailer,truck""}]",20,5,0.0,0.0,0.05555555555555555,0.0,0.05055929999980435
2,M003,three_plus,pure_clip,雨天白昼，工程车作业，路锥林立，行人穿行其间。,Chinese-CLIP,"{""weather"": ""rainy"", ""time"": ""day"", ""objects"": [""construction_vehicle"", ""traffic_cone"", ""pedestrian""], ""location"": null, ""language"": ""zh"", ""model_key"": ""chnclip"", ""raw_text"": ""\u96e8\u5929\u767d\u663c\uff0c\u5de5\u7a0b\u8f66\u4f5c\u4e1a\uff0c\u8def\u9525\u6797\u7acb\uff0c\u884c\u4eba\u7a7f\u884c\u5176\u95f4\u3002"", ""highlight_matches"": [{""start"": 0, ""end"": 2, ""text"": ""\u96e8\u5929"", ""category"": ""weather"", ""label"": ""rainy"", ""keyword"": ""\u96e8\u5929""}, {""start"": 2, ""end"": 4, ""text"": ""\u767d\u663c"", ""category"": ""time"", ""label"": ""day"", ""keyword"": ""\u767d\u663c""}, {""start"": 5, ""end"": 8, ""text"": ""\u5de5\u7a0b\u8f66"", ""category"": ""object"", ""label"": ""construction_vehicle"", ""keyword"": ""\u5de5\u7a0b\u8f66""}, {""start"": 11, ""end"": 13, ""text"": ""\u8def\u9525"", ""category"": ""object"", ""label"": ""traffic_cone"", ""keyword"": ""\u8def\u9525""}, {""start"": 16, ""end"": 18, ""text"": ""\u884c\u4eba"", ""category"": ""object"", ""label"": ""pedestrian"", ""keyword"": ""\u884c\u4eba""}]}",Pure CLIP baseline without KG filtering.,,False,True,"[""64eef73c4f564a3db415e965f6460012""]","[""491322eec05043c9907c59aa35b046ea"", ""64eef73c4f564a3db415e965f6460012"", ""38b3010304734913bb148d17ebbc352b"", ""9c5dc664216e43a99d5da3f23d373e4d"", ""a59b6db922ff490da5ccfc9980700935"", ""482edf83eb664fdf90204c1830abe648"", ""37cfda558193400bbe3a5ff14ae4606e"", ""e02aee6f1fec4d13ad77044466da5fb4"", ""673ce9bdd9254fff82a524653a07b57f"", ""f5b29a1e09d04355adcd60ab72de006b"", ""b7bb8ec5bf22476f8ba8ca0b2e57e8f6"", ""a6fae4900f8e46cba689b59b5bc8a2ab"", ""4bcb814456f044919bc052c208dbebc5"", ""c4ab236557c8423caa8add5fb48a0898"", ""dbd9183e1278475ea54761297e004b04"", ""47a73fb6a41a4c4b9fe2897254dd3671"", ""406a61a4d394432e95a7e8426a97551f"", ""d7823d64ca1a47c5842beb6d7197042d"", ""66134aebdaca4aca82aec91ec8c6245e"", ""9088db17416043e5880a53178bfa461c""]","[{""id"": 20323, ""scene_token"": ""491322eec05043c9907c59aa35b046ea"", ""score"": 0.37826570868492126, ""weather"": ""clear"", ""timeofday"": ""day"", ""location"": ""boston-seaport:parking_lot"", ""obj_types"": ""barrier,car,construction_vehicle,trailer,truck""}, {""id"": 12148, ""scene_token"": ""64eef73c4f564a3db415e965f6460012"", ""score"": 0.3718613386154175, ""weather"": ""rainy"", ""timeofday"": ""day"", ""location"": ""boston-seaport:intersection"", ""obj_types"": ""barrier,car,construction_vehicle,pedestrian,traffic_cone,trailer,truck""}, {""id"": 20218, ""scene_token"": ""38b3010304734913bb148d17ebbc352b"", ""score"": 0.37136003375053406, ""weather"": ""rainy"", ""timeofday"": ""day"", ""location"": ""boston-seaport:intersection"", ""obj_types"": ""car,pedestrian,traffic_cone,trailer,truck""}, {""id"": 12117, ""scene_token"": ""64eef73c4f564a3db415e965f6460012"", ""score"": 0.37056586146354675, ""weather"": ""rainy"", ""timeofday"": ""day"", ""location"": ""boston-seaport:intersection"", ""obj_types"": ""barrier,car,construction_vehicle,pedestrian,traffic_cone,trailer,truck""}, {""id"": 20200, ""scene_token"": ""38b3010304734913bb148d17ebbc352b"", ""score"": 0.370417058467865, ""weather"": ""rainy"", ""timeofday"": ""day"", ""location"": ""boston-seaport:intersection"", ""obj_types"": ""car,pedestrian,traffic_cone,trailer,truck""}]",20,5,0.2,1.0,0.5,0.4,0.06693749999976717
3,M004,three_plus,pure_clip,晴天的夜晚，警车在路上行驶,Chinese-CLIP,"{""weather"": ""clear"", ""time"": ""night"", ""objects"": [""vehicle_emergency_police""], ""location"": null, ""language"": ""zh"", ""model_key"": ""chnclip"", ""raw_text"": ""\u6674\u5929\u7684\u591c\u665a\uff0c\u8b66\u8f66\u5728\u8def\u4e0a\u884c\u9a76"", ""highlight_matches"": [{""start"": 0, ""end"": 2, ""text"": ""\u6674\u5929"", ""category"": ""weather"", ""label"": ""clear"", ""keyword"": ""\u6674\u5929""}, {""start"": 3, ""end"": 5, ""text"": ""\u591c\u665a"", ""category"": ""time"", ""label"": ""night"", ""keyword"": ""\u591c\u665a""}, {""start"": 6, ""end"": 8, ""text"": ""\u8b66\u8f66"", ""category"": ""object"", ""label"": ""vehicle_emergency_police"", ""keyword"": ""\u8b66\u8f66""}]}",Pure CLIP baseline without KG filtering.,,False,True,"[""9771da5dd7bb4657be34365619e39dab""]","[""865c607c8ef44f13b39744a0de110740"", ""d25718445d89453381c659b9c8734939"", ""277af8c7487f4f24bd2953d4dc8d11ff"", ""f634de95cc7043b8b38ceaac67d472cf"", ""2376fcdd28a44b83962289664cee55b7"", ""89f20737ec344aa48b543a9e005a38ca"", ""f97bf749746c4c3a8ad9f1c11eab6444"", ""57146b2ebf10432f84b15a3038fe1755"", ""4ed628299b1e45a3a73704e8cf8287a9"", ""a1e7cd557b9541dbb00822ea0c56204b"", ""c949ec2cca7047bdb67dce64b6c3586a"", ""e5514b8f435e475cac4eba74b44773b5"", ""85889db3628342a482c5c0255e5347e9"", ""bfe368f8c6a44efcb323a82f6974a9a6"", ""7ed1b613f0ee47ceaf6d19ca3947f825"", ""2175d0e84f224ea69907e5c338bde395"", ""567fcd99d0dc4fa088f52b047f4ebdcf"", ""32bae098e2434a09af1e7983e31fbf5c"", ""82cabcf15a1a48aca6bbf082f8710e39"", ""d29527ec841045d18d04a933e7a0afd2""]","[{""id"": 34543, ""scene_token"": ""865c607c8ef44f13b39744a0de110740"", ""score"": 0.40251070261001587, ""weather"": ""rainy"", ""timeofday"": ""night"", ""location"": ""singapore-hollandvillage:bus_stop"", ""obj_types"": ""car,pedestrian""}, {""id"": 35262, ""scene_token"": ""d25718445d89453381c659b9c8734939"", ""score"": 0.4003183841705322, ""weather"": ""clear"", ""timeofday"": ""night"", ""location"": ""singapore-hollandvillage:bus_stop"", ""obj_types"": ""bus,car""}, {""id"": 34547, ""scene_token"": ""865c607c8ef44f13b39744a0de110740"", ""score"": 0.398727685213089, ""weather"": ""rainy"", ""timeofday"": ""night"", ""location"": ""singapore-hollandvillage:bus_stop"", ""obj_types"": ""car""}, {""id"": 34752, ""scene_token"": ""277af8c7487f4f24bd2953d4dc8d11ff"", ""score"": 0.39780133962631226, ""weather"": ""clear"", ""timeofday"": ""night"", ""location"": ""singapore-hollandvillage:bus_stop"", ""obj_types"": ""bus,car,movable_object_pushable_pullable,pedestrian""}, {""id"": 27279, ""scene_token"": ""f634de95cc7043b8b38ceaac67d472cf"", ""score"": 0.395142525434494, ""weather"": ""clear"", ""timeofday"": ""night"", ""location"": ""singapore-hollandvillage:intersection"", ""obj_types"": ""barrier,car,motorcycle,movable_object_pushable_pullable,truck""}]",20,5,0.0,0.0,0.0,0.0,0.12779030000001512
4,M005,three_plus,pure_clip,雨夜，公交车在路上行驶,Chinese-CLIP,"{""weather"": ""rainy"", ""time"": ""night"", ""objects"": [""bus""], ""location"": null, ""language"": ""zh"", ""model_key"": ""chnclip"", ""raw_text"": ""\u96e8\u591c\uff0c\u516c\u4ea4\u8f66\u5728\u8def\u4e0a\u884c\u9a76"", ""highlight_matches"": [{""start"": 0, ""end"": 2, ""text"": ""\u96e8\u591c"", ""category"": ""weather"", ""label"": ""rainy"", ""keyword"": ""\u96e8\u591c""}, {""start"": 3, ""end"": 6, ""text"": ""\u516c\u4ea4\u8f66"", ""category"": ""object"", ""label"": ""bus"", ""keyword"": ""\u516c\u4ea4\u8f66""}]}",Pure CLIP baseline without KG filtering.,,False,True,"[""57146b2ebf10432f84b15a3038fe1755""]","[""57146b2ebf10432f84b15a3038fe1755"", ""7ed1b613f0ee47ceaf6d19ca3947f825"", ""9544516643a14926bf750fc71c1b307d"", ""d3c39710e9da42f48b605824ce2a1927"", ""b57e1a48e584451f8f966ab083c8d07d"", ""cfa36eca40364e5bb15f550a077a21c5"", ""9771da5dd7bb4657be34365619e39dab"", ""89f20737ec344aa48b543a9e005a38ca"", ""e233467e827140efa4b42d2b4c435855"", ""7061c4fa99a44d02af4a3e2689be4457"", ""c949ec2cca7047bdb67dce64b6c3586a"", ""567fcd99d0dc4fa088f52b047f4ebdcf"", ""a1e7cd557b9541dbb00822ea0c56204b"", ""102b894332464704900264216480a8f7"", ""e8099a6136804f3bb9b38ff94d98eb64"", ""e6f1a7e6218a4737bfedc6af90926b3e"", ""cdeb0e85e43e481a87b2251351e10c2f"", ""affb0caa5d2948f98cee5c42c7aefc1c"", ""bfe368f8c6a44efcb323a82f6974a9a6"", ""692fe09aecae4b1a94f8a3bceedd9b7c""]","[{""id"": 43061, ""scene_token"": ""57146b2ebf10432f84b15a3038fe1755"", ""score"": 0.40995848178863525, ""weather"": ""rainy"", ""timeofday"": ""night"", ""location"": ""singapore-hollandvillage:bus_stop"", ""obj_types"": ""bus,car,pedestrian""}, {""id"": 43098, ""scene_token"": ""57146b2ebf10432f84b15a3038fe1755"", ""score"": 0.4081484079360962, ""weather"": ""rainy"", ""timeofday"": ""night"", ""location"": ""singapore-hollandvillage:bus_stop"", ""obj_types"": ""bus,car,pedestrian""}, {""id"": 43082, ""scene_token"": ""57146b2ebf10432f84b15a3038fe1755"", ""score"": 0.407895565032959, ""weather"": ""rainy"", ""timeofday"": ""night"", ""location"": ""singapore-hollandvillage:bus_stop"", ""obj_types"": ""bus,car,pedestrian""}, {""id"": 42859, ""scene_token"": ""7ed1b613f0ee47ceaf6d19ca3947f825"", ""score"": 0.4064936935901642, ""weather"": ""rainy"", ""timeofday"": ""night"", ""location"": ""singapore-hollandvillage:urban"", ""obj_types"": ""bus,car,pedestrian""}, {""id"": 43055, ""scene_token"": ""57146b2ebf10432f84b15a3038fe1755"", ""score"": 0.4045368432998657, ""weather"": ""rainy"", ""timeofday"": ""night"", ""location"": ""singapore-hollandvillage:bus_stop"", ""obj_types"": ""bus,car,pedestrian""}]",20,5,0.2,1.0,1.0,1.0,0.1488126000003831
5,M006,three_plus,pure_clip,晴天夜晚，行人在路上走，公交车在等红灯，摩托车穿梭而过,Chinese-CLIP,"{""weather"": ""clear"", ""time"": ""night"", ""objects"": [""pedestrian"", ""bus"", ""motorcycle""], ""location"": null, ""language"": ""zh"", ""model_key"": ""chnclip"", ""raw_text"": ""\u6674\u5929\u591c\u665a\uff0c\u884c\u4eba\u5728\u8def\u4e0a\u8d70\uff0c\u516c\u4ea4\u8f66\u5728\u7b49\u7ea2\u706f\uff0c\u6469\u6258\u8f66\u7a7f\u68ad\u800c\u8fc7"", ""highlight_matches"": [{""start"": 0, ""end"": 2, ""text"": ""\u6674\u5929"", ""category"": ""weather"", ""label"": ""clear"", ""keyword"": ""\u6674\u5929""}, {""start"": 2, ""end"": 4, ""text"": ""\u591c\u665a"", ""category"": ""time"", ""label"": ""night"", ""keyword"": ""\u591c\u665a""}, {""start"": 5, ""end"": 7, ""text"": ""\u884c\u4eba"", ""category"": ""object"", ""label"": ""pedestrian"", ""keyword"": ""\u884c\u4eba""}, {""start"": 12, ""end"": 15, ""text"": ""\u516c\u4ea4\u8f66"", ""category"": ""object"", ""label"": ""bus"", ""keyword"": ""\u516c\u4ea4\u8f66""}, {""start"": 20, ""end"": 23, ""text"": ""\u6469\u6258\u8f66"", ""category"": ""object"", ""label"": ""motorcycle"", ""keyword"": ""\u6469\u6258\u8f66""}]}",Pure CLIP baseline without KG filtering.,,False,True,"[""e233467e827140efa4b42d2b4c435855""]","[""e233467e827140efa4b42d2b4c435855"", ""a1e7cd557b9541dbb00822ea0c56204b"", ""f97bf749746c4c3a8ad9f1c11eab6444"", ""de7d80a1f5fb4c3e82ce8a4f213b450a"", ""a2b64d02c5fa4b9bab671a97561b6b33"", ""57146b2ebf10432f84b15a3038fe1755"", ""2175d0e84f224ea69907e5c338bde395"", ""34a9823fac0d4b9db30898e00b5f9f9c"", ""b57e1a48e584451f8f966ab083c8d07d"", ""89f20737ec344aa48b543a9e005a38ca"", ""afbc2583cc324938b2e8931d42c83e6b"", ""9544516643a14926bf750fc71c1b307d"", ""affb0caa5d2948f98cee5c42c7aefc1c"", ""1be49200788d4e38ae4496b27b233ccb"", ""cdeb0e85e43e481a87b2251351e10c2f"", ""7ed1b613f0ee47ceaf6d19ca3947f825"", ""cfa36eca40364e5bb15f550a077a21c5"", ""3ace9decdd1f4ea0915b9862c95ca128"", ""d25718445d89453381c659b9c8734939"", ""8d267899e2e843d4905fafd1f12c0a20""]","[{""id"": 40840, ""scene_token"": ""e233467e827140efa4b42d2b4c435855"", ""score"": 0.3885670602321625, ""weather"": ""clear"", ""timeofday"": ""night"", ""location"": ""singapore-hollandvillage:crosswalk"", ""obj_types"": ""bus,car,motorcycle,pedestrian""}, {""id"": 36050, ""scene_token"": ""a1e7cd557b9541dbb00822ea0c56204b"", ""score"": 0.38461461663246155, ""weather"": ""clear"", ""timeofday"": ""night"", ""location"": ""singapore-hollandvillage:street"", ""obj_types"": ""car""}, {""id"": 32136, ""scene_token"": ""f97bf749746c4c3a8ad9f1c11eab6444"", ""score"": 0.3829004168510437, ""weather"": ""clear"", ""timeofday"": ""night"", ""location"": ""singapore-hollandvillage:parking_lot"", ""obj_types"": ""car,motorcycle,movable_object_pushable_pullable""}, {""id"": 39365, ""scene_token"": ""de7d80a1f5fb4c3e82ce8a4f213b450a"", ""score"": 0.3811397850513458, ""weather"": ""rainy"", ""timeofday"": ""night"", ""location"": ""singapore-hollandvillage:urban"", ""obj_types"": ""bicycle,bus,car,pedestrian""}, {""id"": 39641, ""scene_token"": ""a2b64d02c5fa4b9bab671a97561b6b33"", ""score"": 0.3804095983505249, ""weather"": ""rainy"", ""timeofday"": ""night"", ""location"": ""singapore-hollandvillage:intersection"", ""obj_types"": ""bus,car,motorcycle,pedestrian""}]",20,5,0.2,1.0,1.0,0.2,0.09923449999951117
6,M007,three_plus,pure_clip,白天下雨，拖车在路障后停靠,Chinese-CLIP,"{""weather"": ""rainy"", ""time"": ""day"", ""objects"": [""trailer"", ""barrier""], ""location"": null, ""language"": ""zh"", ""model_key"": ""chnclip"", ""raw_text"": ""\u767d\u5929\u4e0b\u96e8\uff0c\u62d6\u8f66\u5728\u8def\u969c\u540e\u505c\u9760"", ""highlight_matches"": [{""start"": 0, ""end"": 2, ""text"": ""\u767d\u5929"", ""category"": ""time"", ""label"": ""day"", ""keyword"": ""\u767d\u5929""}, {""start"": 2, ""end"": 4, ""text"": ""\u4e0b\u96e8"", ""category"": ""weather"", ""label"": ""rainy"", ""keyword"": ""\u4e0b\u96e8""}, {""start"": 5, ""end"": 7, ""text"": ""\u62d6\u8f66"", ""category"": ""object"", ""label"": ""trailer"", ""keyword"": ""\u62d6\u8f66""}, {""start"": 8, ""end"": 10, ""text"": ""\u8def\u969c"", ""category"": ""object"", ""label"": ""barrier"", ""keyword"": ""\u8def\u969c""}]}",Pure CLIP baseline without KG filtering.,,False,True,"[""673ce9bdd9254fff82a524653a07b57f""]","[""43d5f10c855048b9963c9eb288a8a001"", ""73b16c26a0d24c7a841e4cbe5d0d7878"", ""673ce9bdd9254fff82a524653a07b57f"", ""0b8948ee96ac46faad405bf1ffc70bb1"", ""491322eec05043c9907c59aa35b046ea"", ""bd22f197e9f648cba8e307869479629b"", ""38b3010304734913bb148d17ebbc352b"", ""4bcb814456f044919bc052c208dbebc5"", ""a6fae4900f8e46cba689b59b5bc8a2ab"", ""7210f928860043b5a7e0d3dd4b3e80ff"", ""7bd098ac88cb4221addd19202a7ea5de"", ""28db6ee9a8d34e9e88e741817b6733c1"", ""d4c5db6faa9f443795ad86561e9e556e"", ""482edf83eb664fdf90204c1830abe648"", ""a8bd4c1efe284a5bba46f59454764965"", ""19d97841d6f64eba9f6eb9b6e8c257dc"", ""c7604a179ea94e45857ec2c16416e5ad"", ""991d65cab952449a821deb32e971ff19"", ""58af378ff68b49c99aabf320dca1ee25""]","[{""id"": 11304, ""scene_token"": ""43d5f10c855048b9963c9eb288a8a001"", ""score"": 0.433194100856781, ""weather"": ""rainy"", ""timeofday"": ""day"", ""location"": ""boston-seaport:intersection"", ""obj_types"": ""car,truck""}, {""id"": 10864, ""scene_token"": ""73b16c26a0d24c7a841e4cbe5d0d7878"", ""score"": 0.4324890971183777, ""weather"": ""rainy"", ""timeofday"": ""day"", ""location"": ""boston-seaport:street"", ""obj_types"": ""car,construction_vehicle,truck""}, {""id"": 8938, ""scene_token"": ""673ce9bdd9254fff82a524653a07b57f"", ""score"": 0.4265292286872864, ""weather"": ""rainy"", ""timeofday"": ""day"", ""location"": ""boston-seaport:intersection"", ""obj_types"": ""barrier,car,construction_vehicle,trailer,truck""}, {""id"": 8647, ""scene_token"": ""0b8948ee96ac46faad405bf1ffc70bb1"", ""score"": 0.42612189054489136, ""weather"": ""rainy"", ""timeofday"": ""day"", ""location"": ""boston-seaport:intersection"", ""obj_types"": ""car,construction_vehicle,trailer,truck""}, {""id"": 8848, ""scene_token"": ""673ce9bdd9254fff82a524653a07b57f"", ""score"": 0.42233532667160034, ""weather"": ""rainy"", ""timeofday"": ""day"", ""location"": ""boston-seaport:intersection"", ""obj_types"": ""car,trailer,truck""}]",19,5,0.2,1.0,0.3333333333333333,0.2,0.08438449999994191
7,M008,three_plus,pure_clip,白天放晴，卡车在路障旁,Chinese-CLIP,"{""weather"": ""clear"", ""time"": ""day"", ""objects"": [""truck"", ""barrier""], ""location"": null, ""language"": ""zh"", ""model_key"": ""chnclip"", ""raw_text"": ""\u767d\u5929\u653e\u6674\uff0c\u5361\u8f66\u5728\u8def\u969c\u65c1"", ""highlight_matches"": [{""start"": 0, ""end"": 2, ""text"": ""\u767d\u5929"", ""category"": ""time"", ""label"": ""day"", ""keyword"": ""\u767d\u5929""}, {""start"": 3, ""end"": 4, ""text"": ""\u6674"", ""category"": ""weather"", ""label"": ""clear"", ""keyword"": ""\u6674""}, {""start"": 5, ""end"": 7, ""text"": ""\u5361\u8f66"", ""category"": ""object"", ""label"": ""truck"", ""keyword"": ""\u5361\u8f66""}, {""start"": 8, ""end"": 10, ""text"": ""\u8def\u969c"", ""category"": ""object"", ""label"": ""barrier"", ""keyword"": ""\u8def\u969c""}]}",Pure CLIP baseline without KG filtering.,,False,True,"[""30a1a4ccd60047b4a22ee3bf0645f3ad""]","[""c7604a179ea94e45857ec2c16416e5ad"", ""54f56f80350b4c07af598ee87cf3886a"", ""08110c8640454affb5167801442a85fd"", ""0e7ede02718341558414865d5c604745"", ""b829278aae2747959f2a95423455bbcb"", ""2f0e54af35964a3fb347359836bec035"", ""a6fae4900f8e46cba689b59b5bc8a2ab"", ""16e50a63b809463099cb4c378fe0641e"", ""bd22f197e9f648cba8e307869479629b"", ""9056ac9944e846109b00e31cc96259cb"", ""0b8948ee96ac46faad405bf1ffc70bb1"", ""9c5dc664216e43a99d5da3f23d373e4d"", ""3045ed93c2534ec2a5cabea89b186bd9"", ""673ce9bdd9254fff82a524653a07b57f"", ""44c9089913db4d4ab839a2fcb35989ed"", ""7210f928860043b5a7e0d3dd4b3e80ff"", ""4bcb814456f044919bc052c208dbebc5"", ""30a1a4ccd60047b4a22ee3bf0645f3ad""]","[{""id"": 3787, ""scene_token"": ""c7604a179ea94e45857ec2c16416e5ad"", ""score"": 0.41175785660743713, ""weather"": ""clear"", ""timeofday"": ""day"", ""location"": ""boston-seaport:parking_lot"", ""obj_types"": ""car,construction_vehicle,pedestrian,traffic_cone,trailer,truck""}, {""id"": 3802, ""scene_token"": ""c7604a179ea94e45857ec2c16416e5ad"", ""score"": 0.4029088318347931, ""weather"": ""clear"", ""timeofday"": ""day"", ""location"": ""boston-seaport:parking_lot"", ""obj_types"": ""car,construction_vehicle,pedestrian,traffic_cone,trailer,truck""}, {""id"": 7953, ""scene_token"": ""54f56f80350b4c07af598ee87cf3886a"", ""score"": 0.3965137004852295, ""weather"": ""clear"", ""timeofday"": ""day"", ""location"": ""boston-seaport:urban"", ""obj_types"": ""barrier,car,construction_vehicle,movable_object_pushable_pullable,pedestrian,traffic_cone,trailer,truck""}, {""id"": 7852, ""scene_token"": ""54f56f80350b4c07af598ee87cf3886a"", ""score"": 0.3955334424972534, ""weather"": ""clear"", ""timeofday"": ""day"", ""location"": ""boston-seaport:urban"", ""obj_types"": ""barrier,car,construction_vehicle,movable_object_pushable_pullable,pedestrian,traffic_cone,trailer,truck""}, {""id"": 7965, ""scene_token"": ""54f56f80350b4c07af598ee87cf3886a"", ""score"": 0.3943711519241333, ""weather"": ""clear"", ""timeofday"": ""day"", ""location"": ""boston-seaport:urban"", ""obj_types"": ""barrier,car,construction_vehicle,pedestrian,traffic_cone,trailer,truck""}]",18,5,0.0,0.0,0.05555555555555555,0.6,0.058613100000002305
8,M009,three_plus,pure_clip,白天下雨行人在路旁，还有自行车停靠,Chinese-CLIP,"{""weather"": ""rainy"", ""time"": ""day"", ""objects"": [""pedestrian"", ""bicycle""], ""location"": null, ""language"": ""zh"", ""model_key"": ""chnclip"", ""raw_text"": ""\u767d\u5929\u4e0b\u96e8\u884c\u4eba\u5728\u8def\u65c1\uff0c\u8fd8\u6709\u81ea\u884c\u8f66\u505c\u9760"", ""highlight_matches"": [{""start"": 0, ""end"": 2, ""text"": ""\u767d\u5929"", ""category"": ""time"", ""label"": ""day"", ""keyword"": ""\u767d\u5929""}, {""start"": 2, ""end"": 4, ""text"": ""\u4e0b\u96e8"", ""category"": ""weather"", ""label"": ""rainy"", ""keyword"": ""\u4e0b\u96e8""}, {""start"": 4, ""end"": 6, ""text"": ""\u884c\u4eba"", ""category"": ""object"", ""label"": ""pedestrian"", ""keyword"": ""\u884c\u4eba""}, {""start"": 12, ""end"": 15, ""text"": ""\u81ea\u884c\u8f66"", ""category"": ""object"", ""label"": ""bicycle"", ""keyword"": ""\u81ea\u884c\u8f66""}]}",Pure CLIP baseline without KG filtering.,,False,True,"[""b829278aae2747959f2a95423455bbcb""]","[""19d97841d6f64eba9f6eb9b6e8c257dc"", ""b7bb8ec5bf22476f8ba8ca0b2e57e8f6"", ""98fc76cc0e364efdaa7e86a36b666dda"", ""3045ed93c2534ec2a5cabea89b186bd9"", ""0ac05652a4c44374998be876ba5cd6fd"", ""45fc8a7a26c5469a88db999ae8468777"", ""482edf83eb664fdf90204c1830abe648"", ""a6fae4900f8e46cba689b59b5bc8a2ab"", ""6946bd49ebe648b7a8c4555774059bc8"", ""73b16c26a0d24c7a841e4cbe5d0d7878"", ""38b3010304734913bb148d17ebbc352b"", ""64eef73c4f564a3db415e965f6460012"", ""4772f5283211444eaabd463cd341d360"", ""e02aee6f1fec4d13ad77044466da5fb4"", ""08be42eb2186411d8e2201225329f1c6"", ""4bcb814456f044919bc052c208dbebc5"", ""9088db17416043e5880a53178bfa461c"", ""673ce9bdd9254fff82a524653a07b57f"", ""f5b29a1e09d04355adcd60ab72de006b""]","[{""id"": 17898, ""scene_token"": ""19d97841d6f64eba9f6eb9b6e8c257dc"", ""score"": 0.4149250090122223, ""weather"": ""rainy"", ""timeofday"": ""day"", ""location"": ""boston-seaport:urban"", ""obj_types"": ""car,construction_vehicle,trailer,truck""}, {""id"": 21162, ""scene_token"": ""b7bb8ec5bf22476f8ba8ca0b2e57e8f6"", ""score"": 0.4095122218132019, ""weather"": ""rainy"", ""timeofday"": ""day"", ""location"": ""boston-seaport:intersection"", ""obj_types"": ""bicycle,bus,car,motorcycle,pedestrian,static_object_bicycle_rack,traffic_cone""}, {""id"": 19738, ""scene_token"": ""98fc76cc0e364efdaa7e86a36b666dda"", ""score"": 0.40752309560775757, ""weather"": ""rainy"", ""timeofday"": ""day"", ""location"": ""boston-seaport:urban"", ""obj_types"": ""bicycle,car,pedestrian,static_object_bicycle_rack""}, {""id"": 18091, ""scene_token"": ""3045ed93c2534ec2a5cabea89b186bd9"", ""score"": 0.407110333442688, ""weather"": ""rainy"", ""timeofday"": ""day"", ""location"": ""boston-seaport:intersection"", ""obj_types"": ""barrier,bicycle,car,movable_object_debris,pedestrian,truck""}, {""id"": 15639, ""scene_token"": ""0ac05652a4c44374998be876ba5cd6fd"", ""score"": 0.40588533878326416, ""weather"": ""rainy"", ""timeofday"": ""day"", ""location"": ""boston-seaport:urban"", ""obj_types"": ""car,pedestrian,truck""}]",19,5,0.0,0.0,0.0,0.6,0.0623660999999629
9,M010,three_plus,pure_clip,晴天白昼，行人、自行车和摩托车,Chinese-CLIP,"{""weather"": ""clear"", ""time"": ""day"", ""objects"": [""pedestrian"", ""bicycle"", ""motorcycle""], ""location"": null, ""language"": ""zh"", ""model_key"": ""chnclip"", ""raw_text"": ""\u6674\u5929\u767d\u663c\uff0c\u884c\u4eba\u3001\u81ea\u884c\u8f66\u548c\u6469\u6258\u8f66"", ""highlight_matches"": [{""start"": 0, ""end"": 2, ""text"": ""\u6674\u5929"", ""category"": ""weather"", ""label"": ""clear"", ""keyword"": ""\u6674\u5929""}, {""start"": 2, ""end"": 4, ""text"": ""\u767d\u663c"", ""category"": ""time"", ""label"": ""day"", ""keyword"": ""\u767d\u663c""}, {""start"": 5, ""end"": 7, ""text"": ""\u884c\u4eba"", ""category"": ""object"", ""label"": ""pedestrian"", ""keyword"": ""\u884c\u4eba""}, {""start"": 8, ""end"": 11, ""text"": ""\u81ea\u884c\u8f66"", ""category"": ""object"", ""label"": ""bicycle"", ""keyword"": ""\u81ea\u884c\u8f66""}, {""start"": 12, ""end"": 15, ""text"": ""\u6469\u6258\u8f66"", ""category"": ""object"", ""label"": ""motorcycle"", ""keyword"": ""\u6469\u6258\u8f66""}]}",Pure CLIP baseline without KG filtering.,,False,True,"[""2f0e54af35964a3fb347359836bec035""]","[""6f83169d067343658251f72e1dd17dbc"", ""f2541977a00a448db9b46a32187d9059"", ""3034b3f33e1d49f4a7b6c84bdea57004"", ""bebf5f5b2a674631ab5c88fd1aa9e87a"", ""2f0e54af35964a3fb347359836bec035"", ""ed242d80ccb34b139aaf9ab89859332e"", ""54f56f80350b4c07af598ee87cf3886a"", ""f7d01e23508040c2aec430e8da13fb76"", ""5890face846e47a899246159b7c30bd7"", ""b94fbf78579f4ff5ab5dbd897d5e3199"", ""c7604a179ea94e45857ec2c16416e5ad"", ""44c9089913db4d4ab839a2fcb35989ed"", ""08110c8640454affb5167801442a85fd"", ""30a1a4ccd60047b4a22ee3bf0645f3ad"", ""9056ac9944e846109b00e31cc96259cb"", ""3363f396bb43405fbdd17d65dc123d4e"", ""952cb0bcd89b4ca4b904cdcbbf595523""]","[{""id"": 5158, ""scene_token"": ""6f83169d067343658251f72e1dd17dbc"", ""score"": 0.37826278805732727, ""weather"": ""clear"", ""timeofday"": ""day"", ""location"": ""boston-seaport:intersection"", ""obj_types"": ""barrier,bicycle,bus,car,movable_object_pushable_pullable,pedestrian,trailer,truck""}, {""id"": 5128, ""scene_token"": ""6f83169d067343658251f72e1dd17dbc"", ""score"": 0.3720875680446625, ""weather"": ""clear"", ""timeofday"": ""day"", ""location"": ""boston-seaport:intersection"", ""obj_types"": ""barrier,bicycle,bus,car,movable_object_pushable_pullable,pedestrian,trailer,truck""}, {""id"": 5389, ""scene_token"": ""f2541977a00a448db9b46a32187d9059"", ""score"": 0.37186217308044434, ""weather"": ""clear"", ""timeofday"": ""day"", ""location"": ""boston-seaport:intersection"", ""obj_types"": ""barrier,bicycle,car,movable_object_pushable_pullable,pedestrian,traffic_cone,trailer,truck""}, {""id"": 5168, ""scene_token"": ""6f83169d067343658251f72e1dd17dbc"", ""score"": 0.3631972074508667, ""weather"": ""clear"", ""timeofday"": ""day"", ""location"": ""boston-seaport:intersection"", ""obj_types"": ""barrier,bicycle,bus,car,movable_object_pushable_pullable,pedestrian,trailer,truck""}, {""id"": 5155, ""scene_token"": ""6f83169d067343658251f72e1dd17dbc"", ""score"": 0.36286479234695435, ""weather"": ""clear"", ""timeofday"": ""day"", ""location"": ""boston-seaport:intersection"", ""obj_types"": ""barrier,bicycle,bus,car,movable_object_pushable_pullable,pedestrian,trailer,truck""}]",17,5,0.2,1.0,0.2,0.0,0.05612879999989673
10,M011,two_condition,pure_clip,路口有卡车,Chinese-CLIP,"{""weather"": null, ""time"": null, ""objects"": [""truck""], ""location"": ""intersection"", ""language"": ""zh"", ""model_key"": ""chnclip"", ""raw_text"": ""\u8def\u53e3\u6709\u5361\u8f66"", ""highlight_matches"": [{""start"": 0, ""end"": 2, ""text"": ""\u8def\u53e3"", ""category"": ""location"", ""label"": ""intersection"", ""keyword"": ""\u8def\u53e3""}, {""start"": 3, ""end"": 5, ""text"": ""\u5361\u8f66"", ""category"": ""object"", ""label"": ""truck"", ""keyword"": ""\u5361\u8f66""}]}",Pure CLIP baseline without KG filtering.,,False,True,"[""b829278aae2747959f2a95423455bbcb""]","[""9c5dc664216e43a99d5da3f23d373e4d"", ""16e50a63b809463099cb4c378fe0641e"", ""c7604a179ea94e45857ec2c16416e5ad"", ""54f56f80350b4c07af598ee87cf3886a"", ""0b8948ee96ac46faad405bf1ffc70bb1"", ""a59b6db922ff490da5ccfc9980700935"", ""3045ed93c2534ec2a5cabea89b186bd9"", ""55162149a9464d5bb0b0ebd914567e09"", ""bd22f197e9f648cba8e307869479629b"", ""e02aee6f1fec4d13ad77044466da5fb4"", ""991d65cab952449a821deb32e971ff19"", ""b7bb8ec5bf22476f8ba8ca0b2e57e8f6"", ""3363f396bb43405fbdd17d65dc123d4e"", ""9088db17416043e5880a53178bfa461c"", ""491322eec05043c9907c59aa35b046ea"", ""7210f928860043b5a7e0d3dd4b3e80ff"", ""f5b29a1e09d04355adcd60ab72de006b"", ""66134aebdaca4aca82aec91ec8c6245e"", ""38b3010304734913bb148d17ebbc352b"", ""d8a5dd6087de4e808c61c27f91e8216e""]","[{""id"": 13459, ""scene_token"": ""9c5dc664216e43a99d5da3f23d373e4d"", ""score"": 0.32910460233688354, ""weather"": ""rainy"", ""timeofday"": ""day"", ""location"": ""boston-seaport:intersection"", ""obj_types"": ""barrier,car,motorcycle,pedestrian,traffic_cone,trailer,truck""}, {""id"": 4736, ""scene_token"": ""16e50a63b809463099cb4c378fe0641e"", ""score"": 0.32817620038986206, ""weather"": ""clear"", ""timeofday"": ""day"", ""location"": ""boston-seaport:intersection"", ""obj_types"": ""bus,car,pedestrian,trailer,truck""}, {""id"": 3787, ""scene_token"": ""c7604a179ea94e45857ec2c16416e5ad"", ""score"": 0.32816174626350403, ""weather"": ""clear"", ""timeofday"": ""day"", ""location"": ""boston-seaport:parking_lot"", ""obj_types"": ""car,construction_vehicle,pedestrian,traffic_cone,trailer,truck""}, {""id"": 7965, ""scene_token"": ""54f56f80350b4c07af598ee87cf3886a"", ""score"": 0.3263402581214905, ""weather"": ""clear"", ""timeofday"": ""day"", ""location"": ""boston-seaport:urban"", ""obj_types"": ""barrier,car,construction_vehicle,pedestrian,traffic_cone,trailer,truck""}, {""id"": 13450, ""scene_token"": ""9c5dc664216e43a99d5da3f23d373e4d"", ""score"": 0.32581523060798645, ""weather"": ""rainy"", ""timeofday"": ""day"", ""location"": ""boston-seaport:intersection"", ""obj_types"": ""barrier,car,motorcycle,pedestrian,traffic_cone,trailer,truck""}]",20,5,0.0,0.0,0.0,0.6,0.07258090000050288
11,M012,three_plus,pure_clip,夜晚、行人、摩托车,Chinese-CLIP,"{""weather"": null, ""time"": ""night"", ""objects"": [""pedestrian"", ""motorcycle""], ""location"": null, ""language"": ""zh"", ""model_key"": ""chnclip"", ""raw_text"": ""\u591c\u665a\u3001\u884c\u4eba\u3001\u6469\u6258\u8f66"", ""highlight_matches"": [{""start"": 0, ""end"": 2, ""text"": ""\u591c\u665a"", ""category"": ""time"", ""label"": ""night"", ""keyword"": ""\u591c\u665a""}, {""start"": 3, ""end"": 5, ""text"": ""\u884c\u4eba"", ""category"": ""object"", ""label"": ""pedestrian"", ""keyword"": ""\u884c\u4eba""}, {""start"": 6, ""end"": 9, ""text"": ""\u6469\u6258\u8f66"", ""category"": ""object"", ""label"": ""motorcycle"", ""keyword"": ""\u6469\u6258\u8f66""}]}",Pure CLIP baseline without KG filtering.,,False,True,"[""d2db9f5df62c4d338d3bed43f616b954""]","[""a2b64d02c5fa4b9bab671a97561b6b33"", ""34a9823fac0d4b9db30898e00b5f9f9c"", ""affb0caa5d2948f98cee5c42c7aefc1c"", ""8d267899e2e843d4905fafd1f12c0a20"", ""de7d80a1f5fb4c3e82ce8a4f213b450a"", ""afbc2583cc324938b2e8931d42c83e6b"", ""04e5f089805540a5a9e73c1b7c54ee8c"", ""c610d0ac2e2045a5972bda66ac42ede3"", ""692fe09aecae4b1a94f8a3bceedd9b7c"", ""6498fce2f38645fc9bf9d4464b159230"", ""e3b6fe9201c64334be311d4249a0c80e"", ""e5514b8f435e475cac4eba74b44773b5"", ""4ed628299b1e45a3a73704e8cf8287a9"", ""d4d2faa310a748dda508d15c6d5c4244"", ""29dee0b8210b410a9b3421f0cb39019f"", ""7ed1b613f0ee47ceaf6d19ca3947f825"", ""2175d0e84f224ea69907e5c338bde395"", ""57146b2ebf10432f84b15a3038fe1755"", ""d3c39710e9da42f48b605824ce2a1927"", ""f634de95cc7043b8b38ceaac67d472cf""]","[{""id"": 39641, ""scene_token"": ""a2b64d02c5fa4b9bab671a97561b6b33"", ""score"": 0.37340185046195984, ""weather"": ""rainy"", ""timeofday"": ""night"", ""location"": ""singapore-hollandvillage:intersection"", ""obj_types"": ""bus,car,motorcycle,pedestrian""}, {""id"": 25173, ""scene_token"": ""34a9823fac0d4b9db30898e00b5f9f9c"", ""score"": 0.36848777532577515, ""weather"": ""clear"", ""timeofday"": ""night"", ""location"": ""singapore-queenstown:urban"", ""obj_types"": ""bus,car,pedestrian,traffic_cone""}, {""id"": 36951, ""scene_token"": ""affb0caa5d2948f98cee5c42c7aefc1c"", ""score"": 0.3654913604259491, ""weather"": ""clear"", ""timeofday"": ""night"", ""location"": ""singapore-hollandvillage:bus_stop"", ""obj_types"": ""bus,car,pedestrian""}, {""id"": 37242, ""scene_token"": ""8d267899e2e843d4905fafd1f12c0a20"", ""score"": 0.3643670082092285, ""weather"": ""clear"", ""timeofday"": ""night"", ""location"": ""singapore-hollandvillage:intersection"", ""obj_types"": ""bicycle,car,motorcycle,pedestrian""}, {""id"": 39519, ""scene_token"": ""de7d80a1f5fb4c3e82ce8a4f213b450a"", ""score"": 0.364213764667511, ""weather"": ""rainy"", ""timeofday"": ""night"", ""location"": ""singapore-hollandvillage:urban"", ""obj_types"": ""bicycle,bus,car,pedestrian""}]",20,5,0.0,0.0,0.0,0.4,0.09929849999934959
12,M013,three_plus,pure_clip,夜晚街道上有很多行人,Chinese-CLIP,"{""weather"": null, ""time"": ""night"", ""objects"": [""pedestrian""], ""location"": ""street"", ""language"": ""zh"", ""model_key"": ""chnclip"", ""raw_text"": ""\u591c\u665a\u8857\u9053\u4e0a\u6709\u5f88\u591a\u884c\u4eba"", ""highlight_matches"": [{""start"": 0, ""end"": 2, ""text"": ""\u591c\u665a"", ""category"": ""time"", ""label"": ""night"", ""keyword"": ""\u591c\u665a""}, {""start"": 2, ""end"": 4, ""text"": ""\u8857\u9053"", ""category"": ""location"", ""label"": ""street"", ""keyword"": ""\u8857\u9053""}, {""start"": 8, ""end"": 10, ""text"": ""\u884c\u4eba"", ""category"": ""object"", ""label"": ""pedestrian"", ""keyword"": ""\u884c\u4eba""}]}",Pure CLIP baseline without KG filtering.,,False,True,"[""567fcd99d0dc4fa088f52b047f4ebdcf""]","[""8d267899e2e843d4905fafd1f12c0a20"", ""1be49200788d4e38ae4496b27b233ccb"", ""de7d80a1f5fb4c3e82ce8a4f213b450a"", ""faa975eaad804c85bd8f2da9b30c8d9a"", ""980ddcb62e294608bd4235b0dfd517f4"", ""f0f7132494bc4045a21868aca13b56f9"", ""57146b2ebf10432f84b15a3038fe1755"", ""affb0caa5d2948f98cee5c42c7aefc1c"", ""a2b64d02c5fa4b9bab671a97561b6b33"", ""cdeb0e85e43e481a87b2251351e10c2f"", ""7ed1b613f0ee47ceaf6d19ca3947f825"", ""d2db9f5df62c4d338d3bed43f616b954"", ""e5514b8f435e475cac4eba74b44773b5"", ""3ace9decdd1f4ea0915b9862c95ca128"", ""fe4fdd7a28754baeac7074ad78f55a52"", ""c610d0ac2e2045a5972bda66ac42ede3"", ""d29527ec841045d18d04a933e7a0afd2"", ""69a38ccf0894467fbae658d28d4fd10a"", ""9771da5dd7bb4657be34365619e39dab"", ""1b5ef5ecb2084b89aa0314d65f25d9e1""]","[{""id"": 37242, ""scene_token"": ""8d267899e2e843d4905fafd1f12c0a20"", ""score"": 0.37951502203941345, ""weather"": ""clear"", ""timeofday"": ""night"", ""location"": ""singapore-hollandvillage:intersection"", ""obj_types"": ""bicycle,car,motorcycle,pedestrian""}, {""id"": 39167, ""scene_token"": ""1be49200788d4e38ae4496b27b233ccb"", ""score"": 0.3777366578578949, ""weather"": ""clear"", ""timeofday"": ""night"", ""location"": ""singapore-hollandvillage:intersection"", ""obj_types"": ""bicycle,car,pedestrian,truck""}, {""id"": 39169, ""scene_token"": ""1be49200788d4e38ae4496b27b233ccb"", ""score"": 0.37608230113983154, ""weather"": ""clear"", ""timeofday"": ""night"", ""location"": ""singapore-hollandvillage:intersection"", ""obj_types"": ""bicycle,car,pedestrian,truck""}, {""id"": 39162, ""scene_token"": ""1be49200788d4e38ae4496b27b233ccb"", ""score"": 0.37347230315208435, ""weather"": ""clear"", ""timeofday"": ""night"", ""location"": ""singapore-hollandvillage:intersection"", ""obj_types"": ""bicycle,car,pedestrian,truck""}, {""id"": 39161, ""scene_token"": ""1be49200788d4e38ae4496b27b233ccb"", ""score"": 0.37243759632110596, ""weather"": ""clear"", ""timeofday"": ""night"", ""location"": ""singapore-hollandvillage:intersection"", ""obj_types"": ""bicycle,car,pedestrian,truck""}]",20,5,0.0,0.0,0.0,0.0,0.07824359999995067
13,M014,open_semantic,pure_clip,城市路口的交通场景,Chinese-CLIP,"{""weather"": null, ""time"": null, ""objects"": [], ""location"": ""intersection"", ""language"": ""zh"", ""model_key"": ""chnclip"", ""raw_text"": ""\u57ce\u5e02\u8def\u53e3\u7684\u4ea4\u901a\u573a\u666f"", ""highlight_matches"": [{""start"": 2, ""end"": 4, ""text"": ""\u8def\u53e3"", ""category"": ""location"", ""label"": ""intersection"", ""keyword"": ""\u8def\u53e3""}]}",Pure CLIP baseline without KG filtering.,,False,True,"[""a59b6db922ff490da5ccfc9980700935""]","[""a59b6db922ff490da5ccfc9980700935"", ""6f83169d067343658251f72e1dd17dbc"", ""cddd0d5be10b4313a859524952455f43"", ""3363f396bb43405fbdd17d65dc123d4e"", ""f5b29a1e09d04355adcd60ab72de006b"", ""f2541977a00a448db9b46a32187d9059"", ""e02aee6f1fec4d13ad77044466da5fb4"", ""70e7d95ee1d1426fa84da44ddbf82d7a"", ""c468cdcc838143d480b5b9c835c8380c"", ""4772f5283211444eaabd463cd341d360"", ""44c9089913db4d4ab839a2fcb35989ed""]","[{""id"": 13895, ""scene_token"": ""a59b6db922ff490da5ccfc9980700935"", ""score"": 0.36270004510879517, ""weather"": ""rainy"", ""timeofday"": ""day"", ""location"": ""boston-seaport:intersection"", ""obj_types"": ""barrier,car,movable_object_pushable_pullable,pedestrian,traffic_cone,trailer,truck""}, {""id"": 13889, ""scene_token"": ""a59b6db922ff490da5ccfc9980700935"", ""score"": 0.36194920539855957, ""weather"": ""rainy"", ""timeofday"": ""day"", ""location"": ""boston-seaport:intersection"", ""obj_types"": ""barrier,car,movable_object_pushable_pullable,pedestrian,traffic_cone,trailer,truck""}, {""id"": 4972, ""scene_token"": ""6f83169d067343658251f72e1dd17dbc"", ""score"": 0.3599424660205841, ""weather"": ""clear"", ""timeofday"": ""day"", ""location"": ""boston-seaport:intersection"", ""obj_types"": ""barrier,bus,car,movable_object_pushable_pullable,pedestrian,trailer,truck""}, {""id"": 12892, ""scene_token"": ""cddd0d5be10b4313a859524952455f43"", ""score"": 0.35739555954933167, ""weather"": ""rainy"", ""timeofday"": ""day"", ""location"": ""boston-seaport:intersection"", ""obj_types"": ""bus,car,construction_vehicle,pedestrian,truck""}, {""id"": 13893, ""scene_token"": ""a59b6db922ff490da5ccfc9980700935"", ""score"": 0.35489019751548767, ""weather"": ""rainy"", ""timeofday"": ""day"", ""location"": ""boston-seaport:intersection"", ""obj_types"": ""barrier,car,movable_object_pushable_pullable,pedestrian,traffic_cone,trailer,truck""}]",11,5,0.2,1.0,1.0,1.0,0.045879600000262144
14,M015,three_plus,pure_clip,"During the day, pedestrians, construction vehicle, and truck pass through an intersection",English-CLIP,"{""weather"": null, ""time"": ""day"", ""objects"": [""pedestrian"", ""construction_vehicle"", ""truck""], ""location"": ""intersection"", ""language"": ""en"", ""model_key"": ""engclip"", ""raw_text"": ""During the day, pedestrians, construction vehicle, and truck pass through an intersection"", ""highlight_matches"": [{""start"": 11, ""end"": 14, ""text"": ""day"", ""category"": ""time"", ""label"": ""day"", ""keyword"": ""day""}, {""start"": 16, ""end"": 27, ""text"": ""pedestrians"", ""category"": ""object"", ""label"": ""pedestrian"", ""keyword"": ""pedestrians""}, {""start"": 29, ""end"": 49, ""text"": ""construction vehicle"", ""category"": ""object"", ""label"": ""construction_vehicle"", ""keyword"": ""construction vehicle""}, {""start"": 55, ""end"": 60, ""text"": ""truck"", ""category"": ""object"", ""label"": ""truck"", ""keyword"": ""truck""}, {""start"": 77, ""end"": 89, ""text"": ""intersection"", ""category"": ""location"", ""label"": ""intersection"", ""keyword"": ""intersection""}]}",Pure CLIP baseline without KG filtering.,,False,True,"[""3363f396bb43405fbdd17d65dc123d4e""]","[""84e056bd8e994362a37cba45c0f75558"", ""8e3364691ee94c698458e0913a29af78"", ""cddd0d5be10b4313a859524952455f43"", ""c7604a179ea94e45857ec2c16416e5ad"", ""6f83169d067343658251f72e1dd17dbc"", ""d8a5dd6087de4e808c61c27f91e8216e"", ""788c5502523f4d01b3a8de47ec3dadfb"", ""44c9089913db4d4ab839a2fcb35989ed"", ""54f56f80350b4c07af598ee87cf3886a"", ""08110c8640454affb5167801442a85fd"", ""b829278aae2747959f2a95423455bbcb"", ""ed242d80ccb34b139aaf9ab89859332e"", ""c4ab236557c8423caa8add5fb48a0898"", ""f2541977a00a448db9b46a32187d9059"", ""6b80170cd8404e6298d353bf1fa8dc0c"", ""0e7ede02718341558414865d5c604745"", ""30a1a4ccd60047b4a22ee3bf0645f3ad"", ""9c5dc664216e43a99d5da3f23d373e4d"", ""9056ac9944e846109b00e31cc96259cb""]","[{""id"": 7635, ""scene_token"": ""84e056bd8e994362a37cba45c0f75558"", ""score"": 0.3328835368156433, ""weather"": ""clear"", ""timeofday"": ""day"", ""location"": ""boston-seaport:urban"", ""obj_types"": ""barrier,bus,car,pedestrian,traffic_cone,trailer,truck""}, {""id"": 7363, ""scene_token"": ""8e3364691ee94c698458e0913a29af78"", ""score"": 0.3306528925895691, ""weather"": ""clear"", ""timeofday"": ""day"", ""location"": ""boston-seaport:urban"", ""obj_types"": ""bicycle,car,construction_vehicle,pedestrian,truck""}, {""id"": 7636, ""scene_token"": ""84e056bd8e994362a37cba45c0f75558"", ""score"": 0.3296467065811157, ""weather"": ""clear"", ""timeofday"": ""day"", ""location"": ""boston-seaport:urban"", ""obj_types"": ""barrier,bus,car,pedestrian,trailer,truck""}, {""id"": 7361, ""scene_token"": ""8e3364691ee94c698458e0913a29af78"", ""score"": 0.32944342494010925, ""weather"": ""clear"", ""timeofday"": ""day"", ""location"": ""boston-seaport:urban"", ""obj_types"": ""bicycle,car,construction_vehicle,pedestrian,truck""}, {""id"": 7365, ""scene_token"": ""8e3364691ee94c698458e0913a29af78"", ""score"": 0.3254700005054474, ""weather"": ""clear"", ""timeofday"": ""day"", ""location"": ""boston-seaport:urban"", ""obj_types"": ""bicycle,bus,car,construction_vehicle,pedestrian,truck""}]",19,5,0.0,0.0,0.0,0.0,0.08853570000064792
15,M016,three_plus,pure_clip,"On a rainy night, a bus travels along",English-CLIP,"{""weather"": ""rainy"", ""time"": ""night"", ""objects"": [""bus""], ""location"": null, ""language"": ""en"", ""model_key"": ""engclip"", ""raw_text"": ""On a rainy night, a bus travels along"", ""highlight_matches"": [{""start"": 5, ""end"": 10, ""text"": ""rainy"", ""category"": ""weather"", ""label"": ""rainy"", ""keyword"": ""rainy""}, {""start"": 11, ""end"": 16, ""text"": ""night"", ""category"": ""time"", ""label"": ""night"", ""keyword"": ""night""}, {""start"": 20, ""end"": 23, ""text"": ""bus"", ""category"": ""object"", ""label"": ""bus"", ""keyword"": ""bus""}]}",Pure CLIP baseline without KG filtering.,,False,True,"[""57146b2ebf10432f84b15a3038fe1755""]","[""57146b2ebf10432f84b15a3038fe1755"", ""cdeb0e85e43e481a87b2251351e10c2f"", ""b57e1a48e584451f8f966ab083c8d07d"", ""cfa36eca40364e5bb15f550a077a21c5"", ""d3c39710e9da42f48b605824ce2a1927"", ""567fcd99d0dc4fa088f52b047f4ebdcf"", ""9544516643a14926bf750fc71c1b307d"", ""7ed1b613f0ee47ceaf6d19ca3947f825"", ""e233467e827140efa4b42d2b4c435855"", ""c949ec2cca7047bdb67dce64b6c3586a"", ""d25718445d89453381c659b9c8734939"", ""865c607c8ef44f13b39744a0de110740"", ""affb0caa5d2948f98cee5c42c7aefc1c"", ""9771da5dd7bb4657be34365619e39dab""]","[{""id"": 43082, ""scene_token"": ""57146b2ebf10432f84b15a3038fe1755"", ""score"": 0.34471726417541504, ""weather"": ""rainy"", ""timeofday"": ""night"", ""location"": ""singapore-hollandvillage:bus_stop"", ""obj_types"": ""bus,car,pedestrian""}, {""id"": 40346, ""scene_token"": ""cdeb0e85e43e481a87b2251351e10c2f"", ""score"": 0.3407946825027466, ""weather"": ""clear"", ""timeofday"": ""night"", ""location"": ""singapore-hollandvillage:intersection"", ""obj_types"": ""bus,car,pedestrian""}, {""id"": 40350, ""scene_token"": ""cdeb0e85e43e481a87b2251351e10c2f"", ""score"": 0.3391619324684143, ""weather"": ""clear"", ""timeofday"": ""night"", ""location"": ""singapore-hollandvillage:intersection"", ""obj_types"": ""bus,car,pedestrian""}, {""id"": 40578, ""scene_token"": ""b57e1a48e584451f8f966ab083c8d07d"", ""score"": 0.33860889077186584, ""weather"": ""clear"", ""timeofday"": ""night"", ""location"": ""singapore-hollandvillage:intersection"", ""obj_types"": ""bus,car,motorcycle,pedestrian""}, {""id"": 41159, ""scene_token"": ""cfa36eca40364e5bb15f550a077a21c5"", ""score"": 0.33639317750930786, ""weather"": ""rainy"", ""timeofday"": ""night"", ""location"": ""singapore-hollandvillage:urban"", ""obj_types"": ""bus,car,pedestrian,traffic_cone""}]",14,5,0.2,1.0,1.0,0.4,0.06219330000021728
16,M017,open_semantic,pure_clip,A traffic scene at an urban intersection,English-CLIP,"{""weather"": null, ""time"": null, ""objects"": [], ""location"": ""intersection"", ""language"": ""en"", ""model_key"": ""engclip"", ""raw_text"": ""A traffic scene at an urban intersection"", ""highlight_matches"": [{""start"": 28, ""end"": 40, ""text"": ""intersection"", ""category"": ""location"", ""label"": ""intersection"", ""keyword"": ""intersection""}]}",Pure CLIP baseline without KG filtering.,,False,True,"[""a59b6db922ff490da5ccfc9980700935""]","[""788c5502523f4d01b3a8de47ec3dadfb"", ""a59b6db922ff490da5ccfc9980700935"", ""6f83169d067343658251f72e1dd17dbc"", ""0ac05652a4c44374998be876ba5cd6fd"", ""cddd0d5be10b4313a859524952455f43"", ""f5b29a1e09d04355adcd60ab72de006b"", ""44c9089913db4d4ab839a2fcb35989ed"", ""b829278aae2747959f2a95423455bbcb"", ""9c5dc664216e43a99d5da3f23d373e4d"", ""d8a5dd6087de4e808c61c27f91e8216e"", ""de7d80a1f5fb4c3e82ce8a4f213b450a"", ""1be49200788d4e38ae4496b27b233ccb"", ""70e7d95ee1d1426fa84da44ddbf82d7a"", ""f12b4e7fb95646ec9dac305076024bb9"", ""d2db9f5df62c4d338d3bed43f616b954"", ""8d267899e2e843d4905fafd1f12c0a20"", ""c4ab236557c8423caa8add5fb48a0898"", ""6946bd49ebe648b7a8c4555774059bc8"", ""f2541977a00a448db9b46a32187d9059"", ""2f0e54af35964a3fb347359836bec035""]","[{""id"": 3262, ""scene_token"": ""788c5502523f4d01b3a8de47ec3dadfb"", ""score"": 0.3307511806488037, ""weather"": ""clear"", ""timeofday"": ""day"", ""location"": ""boston-seaport:urban"", ""obj_types"": ""car,pedestrian,trailer,truck""}, {""id"": 3276, ""scene_token"": ""788c5502523f4d01b3a8de47ec3dadfb"", ""score"": 0.32413429021835327, ""weather"": ""clear"", ""timeofday"": ""day"", ""location"": ""boston-seaport:urban"", ""obj_types"": ""car,construction_vehicle,pedestrian,trailer,truck""}, {""id"": 3266, ""scene_token"": ""788c5502523f4d01b3a8de47ec3dadfb"", ""score"": 0.32391470670700073, ""weather"": ""clear"", ""timeofday"": ""day"", ""location"": ""boston-seaport:urban"", ""obj_types"": ""car,construction_vehicle,pedestrian,trailer,truck""}, {""id"": 13895, ""scene_token"": ""a59b6db922ff490da5ccfc9980700935"", ""score"": 0.3235261142253876, ""weather"": ""rainy"", ""timeofday"": ""day"", ""location"": ""boston-seaport:intersection"", ""obj_types"": ""barrier,car,movable_object_pushable_pullable,pedestrian,traffic_cone,trailer,truck""}, {""id"": 3261, ""scene_token"": ""788c5502523f4d01b3a8de47ec3dadfb"", ""score"": 0.32276782393455505, ""weather"": ""clear"", ""timeofday"": ""day"", ""location"": ""boston-seaport:urban"", ""obj_types"": ""car,construction_vehicle,pedestrian,trailer,truck""}]",20,5,0.2,1.0,0.5,0.2,0.046734399999877496
17,M018,three_plus,pure_clip,"On a clear day, a truck sits beside a barrier",English-CLIP,"{""weather"": ""clear"", ""time"": ""day"", ""objects"": [""truck"", ""barrier""], ""location"": null, ""language"": ""en"", ""model_key"": ""engclip"", ""raw_text"": ""On a clear day, a truck sits beside a barrier"", ""highlight_matches"": [{""start"": 5, ""end"": 10, ""text"": ""clear"", ""category"": ""weather"", ""label"": ""clear"", ""keyword"": ""clear""}, {""start"": 11, ""end"": 14, ""text"": ""day"", ""category"": ""time"", ""label"": ""day"", ""keyword"": ""day""}, {""start"": 18, ""end"": 23, ""text"": ""truck"", ""category"": ""object"", ""label"": ""truck"", ""keyword"": ""truck""}, {""start"": 38, ""end"": 45, ""text"": ""barrier"", ""category"": ""object"", ""label"": ""barrier"", ""keyword"": ""barrier""}]}",Pure CLIP baseline without KG filtering.,,False,True,"[""30a1a4ccd60047b4a22ee3bf0645f3ad""]","[""b829278aae2747959f2a95423455bbcb"", ""991d65cab952449a821deb32e971ff19"", ""c7604a179ea94e45857ec2c16416e5ad"", ""73b16c26a0d24c7a841e4cbe5d0d7878"", ""d4c5db6faa9f443795ad86561e9e556e"", ""673ce9bdd9254fff82a524653a07b57f"", ""a6fae4900f8e46cba689b59b5bc8a2ab"", ""0b8948ee96ac46faad405bf1ffc70bb1"", ""7210f928860043b5a7e0d3dd4b3e80ff"", ""38b3010304734913bb148d17ebbc352b"", ""a59b6db922ff490da5ccfc9980700935"", ""08110c8640454affb5167801442a85fd"", ""f5b29a1e09d04355adcd60ab72de006b"", ""55162149a9464d5bb0b0ebd914567e09"", ""e02aee6f1fec4d13ad77044466da5fb4"", ""3045ed93c2534ec2a5cabea89b186bd9"", ""9088db17416043e5880a53178bfa461c"", ""bebf5f5b2a674631ab5c88fd1aa9e87a"", ""9c5dc664216e43a99d5da3f23d373e4d"", ""491322eec05043c9907c59aa35b046ea""]","[{""id"": 14781, ""scene_token"": ""b829278aae2747959f2a95423455bbcb"", ""score"": 0.32533714175224304, ""weather"": ""rainy"", ""timeofday"": ""day"", ""location"": ""boston-seaport:urban"", ""obj_types"": ""bicycle,bus,car,movable_object_pushable_pullable,pedestrian,trailer,truck""}, {""id"": 16460, ""scene_token"": ""991d65cab952449a821deb32e971ff19"", ""score"": 0.32324254512786865, ""weather"": ""rainy"", ""timeofday"": ""day"", ""location"": ""boston-seaport:urban"", ""obj_types"": ""barrier,car,traffic_cone,trailer,truck""}, {""id"": 3799, ""scene_token"": ""c7604a179ea94e45857ec2c16416e5ad"", ""score"": 0.3204779028892517, ""weather"": ""clear"", ""timeofday"": ""day"", ""location"": ""boston-seaport:parking_lot"", ""obj_types"": ""car,construction_vehicle,pedestrian,traffic_cone,trailer,truck""}, {""id"": 14735, ""scene_token"": ""b829278aae2747959f2a95423455bbcb"", ""score"": 0.3201429843902588, ""weather"": ""rainy"", ""timeofday"": ""day"", ""location"": ""boston-seaport:urban"", ""obj_types"": ""bicycle,bus,car,movable_object_pushable_pullable,pedestrian,trailer,truck""}, {""id"": 10995, ""scene_token"": ""73b16c26a0d24c7a841e4cbe5d0d7878"", ""score"": 0.3172970116138458, ""weather"": ""rainy"", ""timeofday"": ""day"", ""location"": ""boston-seaport:street"", ""obj_types"": ""car,construction_vehicle,truck""}]",20,5,0.0,0.0,0.0,0.0,0.05153100000006816
18,M019,two_condition,pure_clip,"intersection,truck",English-CLIP,"{""weather"": null, ""time"": null, ""objects"": [""truck""], ""location"": ""intersection"", ""language"": ""en"", ""model_key"": ""engclip"", ""raw_text"": ""intersection,truck"", ""highlight_matches"": [{""start"": 0, ""end"": 12, ""text"": ""intersection"", ""category"": ""location"", ""label"": ""intersection"", ""keyword"": ""intersection""}, {""start"": 13, ""end"": 18, ""text"": ""truck"", ""category"": ""object"", ""label"": ""truck"", ""keyword"": ""truck""}]}",Pure CLIP baseline without KG filtering.,,False,True,"[""b829278aae2747959f2a95423455bbcb""]","[""2175d0e84f224ea69907e5c338bde395"", ""e8834785d9ff4783a5950281a4579943"", ""a1e7cd557b9541dbb00822ea0c56204b"", ""6498fce2f38645fc9bf9d4464b159230"", ""34a9823fac0d4b9db30898e00b5f9f9c"", ""e3b6fe9201c64334be311d4249a0c80e"", ""f97bf749746c4c3a8ad9f1c11eab6444"", ""d29527ec841045d18d04a933e7a0afd2"", ""7061c4fa99a44d02af4a3e2689be4457"", ""4f679c8f8f6d4f5d8466253dda4733ba"", ""d25718445d89453381c659b9c8734939"", ""26c089d84086473e87607ae5c6ae85c6"", ""f98a50e675b14266a6c53cb25a0351fa"", ""e5514b8f435e475cac4eba74b44773b5"", ""57146b2ebf10432f84b15a3038fe1755"", ""29dee0b8210b410a9b3421f0cb39019f"", ""8d8728879b89405eba3f8ce1af138cb2"", ""e6f1a7e6218a4737bfedc6af90926b3e"", ""d4d2faa310a748dda508d15c6d5c4244"", ""04e5f089805540a5a9e73c1b7c54ee8c""]","[{""id"": 28398, ""scene_token"": ""2175d0e84f224ea69907e5c338bde395"", ""score"": 0.30968722701072693, ""weather"": ""clear"", ""timeofday"": ""night"", ""location"": ""singapore-hollandvillage:urban"", ""obj_types"": ""car,motorcycle,movable_object_pushable_pullable,truck""}, {""id"": 33085, ""scene_token"": ""e8834785d9ff4783a5950281a4579943"", ""score"": 0.30400028824806213, ""weather"": ""clear"", ""timeofday"": ""night"", ""location"": ""singapore-hollandvillage:intersection"", ""obj_types"": ""car,motorcycle,truck""}, {""id"": 36056, ""scene_token"": ""a1e7cd557b9541dbb00822ea0c56204b"", ""score"": 0.3004939556121826, ""weather"": ""clear"", ""timeofday"": ""night"", ""location"": ""singapore-hollandvillage:street"", ""obj_types"": ""car,motorcycle""}, {""id"": 34363, ""scene_token"": ""6498fce2f38645fc9bf9d4464b159230"", ""score"": 0.29666373133659363, ""weather"": ""clear"", ""timeofday"": ""night"", ""location"": ""singapore-hollandvillage:intersection"", ""obj_types"": ""car,motorcycle,truck""}, {""id"": 25308, ""scene_token"": ""34a9823fac0d4b9db30898e00b5f9f9c"", ""score"": 0.2946352958679199, ""weather"": ""clear"", ""timeofday"": ""night"", ""location"": ""singapore-queenstown:urban"", ""obj_types"": ""bus,car,motorcycle""}]",20,5,0.0,0.0,0.0,0.4,0.07269590000032622
19,M020,three_plus,pure_clip,"On a rainy daytime, construction vehicles are at work, traffic cones lines,and pedestrians weave their way through",English-CLIP,"{""weather"": ""rainy"", ""time"": ""day"", ""objects"": [""construction_vehicle"", ""traffic_cone"", ""pedestrian""], ""location"": null, ""language"": ""en"", ""model_key"": ""engclip"", ""raw_text"": ""On a rainy daytime, construction vehicles are at work, traffic cones lines,and pedestrians weave their way through"", ""highlight_matches"": [{""start"": 5, ""end"": 10, ""text"": ""rainy"", ""category"": ""weather"", ""label"": ""rainy"", ""keyword"": ""rainy""}, {""start"": 11, ""end"": 18, ""text"": ""daytime"", ""category"": ""time"", ""label"": ""day"", ""keyword"": ""daytime""}, {""start"": 20, ""end"": 40, ""text"": ""construction vehicle"", ""category"": ""object"", ""label"": ""construction_vehicle"", ""keyword"": ""construction vehicle""}, {""start"": 55, ""end"": 67, ""text"": ""traffic cone"", ""category"": ""object"", ""label"": ""traffic_cone"", ""keyword"": ""traffic cone""}, {""start"": 79, ""end"": 90, ""text"": ""pedestrians"", ""category"": ""object"", ""label"": ""pedestrian"", ""keyword"": ""pedestrians""}]}",Pure CLIP baseline without KG filtering.,,False,True,"[""64eef73c4f564a3db415e965f6460012""]","[""9c5dc664216e43a99d5da3f23d373e4d"", ""e02aee6f1fec4d13ad77044466da5fb4"", ""c468cdcc838143d480b5b9c835c8380c"", ""cddd0d5be10b4313a859524952455f43"", ""9088db17416043e5880a53178bfa461c"", ""b829278aae2747959f2a95423455bbcb"", ""66461d94f2e44d39a90843ff2dce11e8"", ""4bcb814456f044919bc052c208dbebc5"", ""d8a5dd6087de4e808c61c27f91e8216e"", ""9068766ee9374872a380fe75fcfb299e"", ""6946bd49ebe648b7a8c4555774059bc8"", ""a59b6db922ff490da5ccfc9980700935"", ""c4ab236557c8423caa8add5fb48a0898"", ""55162149a9464d5bb0b0ebd914567e09"", ""3ada261efee347cba2e7557794f1aec8"", ""64eef73c4f564a3db415e965f6460012"", ""66134aebdaca4aca82aec91ec8c6245e"", ""5d709891c41d423687ae4ea0473cb9c4""]","[{""id"": 13490, ""scene_token"": ""9c5dc664216e43a99d5da3f23d373e4d"", ""score"": 0.33534005284309387, ""weather"": ""rainy"", ""timeofday"": ""day"", ""location"": ""boston-seaport:intersection"", ""obj_types"": ""barrier,bicycle,bus,car,motorcycle,pedestrian,traffic_cone,trailer,truck""}, {""id"": 19075, ""scene_token"": ""e02aee6f1fec4d13ad77044466da5fb4"", ""score"": 0.33254215121269226, ""weather"": ""rainy"", ""timeofday"": ""day"", ""location"": ""boston-seaport:intersection"", ""obj_types"": ""barrier,bus,car,construction_vehicle,pedestrian,traffic_cone,trailer,truck""}, {""id"": 13455, ""scene_token"": ""9c5dc664216e43a99d5da3f23d373e4d"", ""score"": 0.3323054313659668, ""weather"": ""rainy"", ""timeofday"": ""day"", ""location"": ""boston-seaport:intersection"", ""obj_types"": ""barrier,bicycle,bus,car,motorcycle,pedestrian,traffic_cone,trailer,truck""}, {""id"": 13479, ""scene_token"": ""9c5dc664216e43a99d5da3f23d373e4d"", ""score"": 0.33112698793411255, ""weather"": ""rainy"", ""timeofday"": ""day"", ""location"": ""boston-seaport:intersection"", ""obj_types"": ""barrier,bicycle,bus,car,motorcycle,pedestrian,traffic_cone,trailer,truck""}, {""id"": 13469, ""scene_token"": ""9c5dc664216e43a99d5da3f23d373e4d"", ""score"": 0.3302385210990906, ""weather"": ""rainy"", ""timeofday"": ""day"", ""location"": ""boston-seaport:intersection"", ""obj_types"": ""barrier,bicycle,bus,car,motorcycle,pedestrian,traffic_cone,trailer,truck""}]",18,5,0.0,0.0,0.0625,0.2,0.06641730000046664
